id;mac;inventory_number;location;hostname;web_login;web_password;dhcp_enabled;ip_address;subnet_mask;default_gw;dns_1;dns_2;provisioning_mode;provisioning_url;ntp_server;notes
1;systemic;Bacon program;system-worthy;panel;Toys bandwidth;bandwidth Harbors paradigms;true;Car Versatile;Handmade;Ethiopia;Ergonomic Personal Loan Account Baby;Borders Metal upward-trending;TFTP;Implementation silver;haptic;Grass-roots
2;turquoise;Colorado;Bedfordshire fresh-thinking Tuna;robust Assistant;Senior functionalities Checking Account;ADP;true;digital Avon Credit Card Account;multi-byte;Rubber;copy Auto Loan Account Reduced;SAS Human;FTP;California Unbranded Dynamic;Direct capacitor;Chicken copying bus
3;Rubber Syrian Arab Republic;fault-tolerant Yemen;Outdoors Handcrafted Rubber Gloves;value-added;Soft;Function-based static monitor;false;Fantastic Operations ability;interface;Ergonomic Awesome;Legacy Kenyan Shilling;B2C card;FTP;Lodge virtual Coordinator;program withdrawal Savings Account;standardization Pataca Manager
4;Saint Helena Forward;cyan;hard drive viral Executive;Senior;Unbranded Tactics Enhanced;National interface;true;payment initiatives Assurance;Fantastic Western Sahara;Chips;innovate one-to-one compress;Oregon Frozen;TFTP;Norwegian Krone virtual applications;cultivate Awesome;transmit backing up Open-source
5;applications Way Shoes;leading-edge Rustic;fresh-thinking Idaho payment;Tasty;Steel New Jersey Rubber;hacking impactful time-frame;false;Shoes Nauru;Awesome New York radical;communities Electronics Shirt;Licensed France optimize;Tools;FTP;Wooden;Regional Soap;navigate redundant
6;indexing Home Loan Account withdrawal;info-mediaries Books;indexing Computers invoice;Function-based Synergistic Director;Cuba connecting quantifying;Intelligent Rubber Mouse compressing;false;black Legacy;Grocery;hardware Frozen Wisconsin;parsing Tasty Cove;schemas;HTTP;Cotton channels withdrawal;Quality capacity time-frame;Berkshire
7;Norway purple Vanuatu;Data e-commerce Intranet;navigate background;payment;Incredible Steel Keyboard driver;Generic Rubber Towels 24/365;false;JBOD Avon Triple-buffered;Practical Steel Shirt protocol action-items;Burundi Franc mobile;Borders Fork Books;payment Lempira;HTTP;Indian Rupee overriding;JSON Home;auxiliary
8;Cross-platform online;Personal Loan Account back-end Unbranded Frozen Salad;dedicated infomediaries;repurpose Small Frozen Chair Table;Intelligent Metal Soap program;Shoes CSS Plastic;false;tan teal asymmetric;Internal withdrawal Agent;Gorgeous Plastic Fish transition Agent;Inlet grey;Automotive blue;HTTP;Forward Senior multi-byte;Analyst Cambridgeshire Self-enabling;Licensed Wooden Towels Money Market Account
9;Intelligent capability;24/7 Unbranded Cotton Ball;Practical Steel Mouse Islands Lane;Licensed;radical Avon Bedfordshire;Savings Account;true;AI Refined Wooden Chips;visionary Industrial;Bedfordshire zero tolerance;online;Avon;FTP;Handcrafted convergence;Handmade Wooden Table olive;Buckinghamshire Solomon Islands Dollar
10;withdrawal withdrawal Re-engineered;Associate;open-source;GB ADP;Handmade Steel Mouse;strategic;false;monitor Heights Sausages;Unbranded;application Human empower;parsing Guyana Dollar;Savings Account;FTP;platforms;monitor Corporate Fresh;Industrial one-to-one enable
